<?xml version="1.0" encoding="UTF-8"?>
<!DOCTYPE suite SYSTEM "https://testng.org/testng-1.0.dtd">
<suite name="Suite">
	<test thread-count="5" name="Test">
		<classes>
			<class name="org.execution.TC01_LoginPage" />
			<class name="org.execution.TC02_MyAccountPage" />
			<class name="org.execution.TC03_ShopPage" />
			<class name="org.execution.TC04_SmartWatchPage" />
			<class name="org.execution.TC05_AgainShopPage" />
			<class name="org.execution.TC06_CheckoutPage" />
			<class name="org.execution.TC07_OrderConfirmationPage" />

		</classes>
	</test> <!-- Test -->
</suite> <!-- Suite -->
