<?xml version="1.0" encoding="UTF-8"?>
<!DOCTYPE suite SYSTEM "https://testng.org/testng-1.0.dtd">
<suite name="Suite">
	<test thread-count="5" name="Test">
		<classes>
			<class name="org.execution.TC01_BrowserLaunch" />
			<class name="org.execution.TC02_LoginPage" />
			<class name="org.execution.TC03_FictionBooksPage" />
			<class name="org.execution.TC04_BiharDiariesPage" />
			<class name="org.execution.TC05_AgainFictionBooksPage" />
			<class name="org.execution.TC06_CartPage" />
			<class name="org.execution.TC07_ShipingPage" />
			<class name="org.execution.TC08_AgainLoginPage" />

		</classes>
	</test> <!-- Test -->
</suite> <!-- Suite -->
